user_id,name,email,city
1,Brandi Gonzales,xsmith@example.com,West Kathleen
2,Jennifer Jones,krobertson@example.org,Lindseystad
3,Jennifer French,rosslawrence@example.org,West Carlos
4,Alexander Lopez,hartjeffrey@example.org,Harrisonchester
5,Laurie Stone,doylechristopher@example.com,Markside
6,Bryan Campbell,jenniferbrown@example.com,Daisyfort
7,Daniel Joseph,jennifertaylor@example.org,South Darlene
8,Tammy Griffin,john32@example.com,Amystad
9,Christina Merritt,kristennewton@example.org,Alexandraberg
10,Jeanette Smith,ambermiller@example.com,Lake Laura
11,Keith Wright,osmith@example.com,Brianfort
12,Robert Farmer,daniel87@example.net,Paulchester
13,David Kramer,grahamsarah@example.com,Prattville
14,Walter Smith,robert22@example.org,South Austinchester
15,Tamara Hernandez,lindseybrian@example.com,Adamschester
16,Amy Jones,pibarra@example.net,Phillipschester
17,Susan Hicks,arichardson@example.net,Port Cynthiatown
18,Zachary Daniels,yweber@example.com,Jenniferton
19,Kenneth Morgan,christopher81@example.com,Lake Colton
20,Brianna Douglas,brent45@example.net,North Paulview
21,Andrew Miller,derek04@example.net,Dennisborough
22,Angela Stewart,silvadaniel@example.org,Allisonland
23,Timothy Lin,paula54@example.com,West Jasonchester
24,Sarah Barrett,uperez@example.com,Port Jackson
25,Gary Wilson,johnsonrobert@example.net,Daviston
26,Amber Silva,madison57@example.net,Simpsonport
27,David Johnson,lori84@example.com,Flowersmouth
28,Alexandra Henderson,dustin05@example.com,Williamsburgh
29,Micheal Castaneda,derricksnow@example.com,Lake Christopherchester
30,Andrea Randall,sarah16@example.org,East Amandatown
31,Philip Sampson,oliverdonald@example.net,North Ericland
32,Mark May,johnsonfelicia@example.com,Deanberg
33,Jennifer Fields,mwilliams@example.com,Charlenefort
34,Rachel Henderson,michele02@example.org,New Jamestown
35,Robin Friedman,lauren36@example.org,Alfredfurt
36,Amanda Jackson,james90@example.net,Joshuachester
37,Emily Mclaughlin,amandahansen@example.com,North Natalieside
38,Michael Pace,zmoore@example.com,South Josephhaven
39,Jacob Calderon,brianhenry@example.com,Johnsonfort
40,Michael Freeman,scottrobinson@example.org,New Craigmouth
41,Shannon Bridges,cevans@example.com,Kristieborough
42,Jimmy Jones,vlyons@example.com,New Justinport
43,Anna Austin,drewcrane@example.org,East Eric
44,Linda Anderson,spena@example.com,Gutierrezstad
45,Nicholas Rogers,rebecca30@example.org,Port Kimberlyburgh
46,Tina Greene,hallrachel@example.net,Kayleeside
47,Todd Chavez,steven09@example.net,Alvarezshire
48,Patrick Cook,connie20@example.com,Ariasland
49,Carla Alvarez,lfrazier@example.org,Leemouth
50,Gregory Evans,kennethdavis@example.org,Randallview
51,Alicia Ferguson,nicholas03@example.com,Goodburgh
52,Thomas Parsons,smithsergio@example.com,East Mitchell
53,Candice Hernandez,cookdylan@example.net,West Luke
54,Joseph Davis,rhonda52@example.net,South Samuel
55,Breanna Hurley,jenny28@example.com,East Michael
56,Victoria Valencia,charlespetersen@example.org,Fisherton
57,Nicole Hodges,chrischung@example.net,East Curtis
58,Robin Booker,smatthews@example.net,Longtown
59,James Franklin,smitheugene@example.org,Elliotthaven
60,Tyler Velazquez,jenningsjohn@example.org,Brownburgh
61,Courtney Watson,turnerdustin@example.com,Port Dennisstad
62,Madeline Wright,sscott@example.net,South Chadmouth
63,Ashley Frank,mariakelly@example.com,West Chelsey
64,Aaron Castillo,theresacook@example.net,Arthurberg
65,Rhonda Turner,wileyjeremy@example.net,Lake Heather
66,Linda Davis,kimbenjamin@example.com,South Nicole
67,Robert Torres,salazarlynn@example.org,South Joshua
68,Abigail White,burtonlisa@example.org,Lake Derekchester
69,Jason Snyder,cruzholly@example.com,Port Thomas
70,Sean Jennings,wchristensen@example.net,Lake Christopher
71,Alexandra Waller,brian80@example.org,Lake Michelle
72,Mary Ponce,williamsjoshua@example.com,Robertland
73,Crystal Klein,drobinson@example.org,New Lee
74,Kevin Stevenson,nguyenaaron@example.org,Lake Cheryl
75,Jessica Castaneda,brianbishop@example.net,Christinabury
76,Madeline Blevins,dstrong@example.org,Lanechester
77,Jacob Bell,emilyrodriguez@example.net,Danielview
78,Maria Aguilar,eddiewallace@example.org,Port Hayleytown
79,Holly Ayala,bonnie95@example.net,Port Wayne
80,Emily Casey,brandymiller@example.com,West Omar
81,Matthew Tran,lopezbrandon@example.com,West Jared
82,Thomas Flores,haysgregory@example.org,East Patriciabury
83,Amy Allen,becky03@example.org,Lake Shannon
84,Tina Wagner,bramirez@example.net,South Paulshire
85,Joseph Morgan Jr.,meganrobertson@example.net,Shanemouth
86,Robert Allen,patricklisa@example.org,Robbinsfort
87,Mrs. Lauren Potter DVM,hughesjoan@example.org,East Joshuafort
88,Summer Jackson,katherine51@example.net,Donovanview
89,Jason Stewart,priscilla56@example.org,South Scottton
90,Christopher Sexton,robleskristi@example.com,Port Brandon
91,Jason Jefferson,jasonterry@example.com,Hendersonberg
92,Aaron Webb,wanderson@example.org,East Christina
93,Eric Becker,matthewprice@example.com,Mcclainside
94,Kimberly Jackson,nathanwilliams@example.org,Hectorfort
95,Michael Rogers PhD,eingram@example.com,Joneston
96,Natalie Brown,stevenbrown@example.org,Hillchester
97,Jill Sullivan,paynebrian@example.com,Wallacefort
98,Elizabeth Matthews,thomasraymond@example.net,Mitchellville
99,Leah Frye,cynthiajoseph@example.org,Lake Kelly
100,Sandra Blanchard,hshah@example.org,West James
